天気コード,天気名称,取得URL,HTTPステータス,SVG判定,ファイルサイズ,取得日時,結果,備考
100,晴,https://www.jma.go.jp/bosai/forecast/img/100.svg,200,OK,9900,2026-09-10 03:50:18,成功,
101,晴時々曇,https://www.jma.go.jp/bosai/forecast/img/101.svg,200,OK,11710,2026-09-10 03:50:18,成功,
102,晴一時雨,https://www.jma.go.jp/bosai/forecast/img/102.svg,200,OK,15636,2026-09-10 03:50:18,成功,
103,晴時々雨,https://www.jma.go.jp/bosai/forecast/img/103.svg,404,NG,2203,2026-09-10 03:50:18,失敗,HTTPが200ではない
104,晴一時雪,https://www.jma.go.jp/bosai/forecast/img/104.svg,200,OK,16563,2026-09-10 03:50:18,成功,
105,晴時々雪,https://www.jma.go.jp/bosai/forecast/img/105.svg,404,NG,2203,2026-09-10 03:50:18,失敗,HTTPが200ではない
106,晴一時雨か雪,https://www.jma.go.jp/bosai/forecast/img/106.svg,404,NG,2203,2026-09-10 03:50:18,失敗,HTTPが200ではない
107,晴時々雨か雪,https://www.jma.go.jp/bosai/forecast/img/107.svg,404,NG,2203,2026-09-10 03:50:18,失敗,HTTPが200ではない
108,晴一時雨か雷雨,https://www.jma.go.jp/bosai/forecast/img/108.svg,404,NG,2203,2026-09-10 03:50:18,失敗,HTTPが200ではない
110,晴後時々曇,https://www.jma.go.jp/bosai/forecast/img/110.svg,200,OK,12380,2026-09-10 03:50:18,成功,
111,晴後曇,https://www.jma.go.jp/bosai/forecast/img/111.svg,404,NG,2203,2026-09-10 03:50:18,失敗,HTTPが200ではない
112,晴後一時雨,https://www.jma.go.jp/bosai/forecast/img/112.svg,200,OK,16318,2026-09-10 03:50:18,成功,
113,晴後時々雨,https://www.jma.go.jp/bosai/forecast/img/113.svg,404,NG,2203,2026-09-10 03:50:18,失敗,HTTPが200ではない
114,晴後雨,https://www.jma.go.jp/bosai/forecast/img/114.svg,404,NG,2203,2026-09-10 03:50:18,失敗,HTTPが200ではない
115,晴後一時雪,https://www.jma.go.jp/bosai/forecast/img/115.svg,200,OK,15118,2026-09-10 03:50:18,成功,
116,晴後時々雪,https://www.jma.go.jp/bosai/forecast/img/116.svg,404,NG,2203,2026-09-10 03:50:18,失敗,HTTPが200ではない
117,晴後雪,https://www.jma.go.jp/bosai/forecast/img/117.svg,404,NG,2203,2026-09-10 03:50:18,失敗,HTTPが200ではない
118,晴後雨か雪,https://www.jma.go.jp/bosai/forecast/img/118.svg,404,NG,2203,2026-09-10 03:50:18,失敗,HTTPが200ではない
119,晴後雨か雷雨,https://www.jma.go.jp/bosai/forecast/img/119.svg,404,NG,2203,2026-09-10 03:50:18,失敗,HTTPが200ではない
120,晴朝夕一時雨,https://www.jma.go.jp/bosai/forecast/img/120.svg,404,NG,2203,2026-09-10 03:50:18,失敗,HTTPが200ではない
121,晴朝の内一時雨,https://www.jma.go.jp/bosai/forecast/img/121.svg,404,NG,2203,2026-09-10 03:50:18,失敗,HTTPが200ではない
122,晴夕方一時雨,https://www.jma.go.jp/bosai/forecast/img/122.svg,404,NG,2203,2026-09-10 03:50:18,失敗,HTTPが200ではない
123,晴山沿い雷雨,https://www.jma.go.jp/bosai/forecast/img/123.svg,404,NG,2203,2026-09-10 03:50:18,失敗,HTTPが200ではない
124,晴山沿い雪,https://www.jma.go.jp/bosai/forecast/img/124.svg,404,NG,2203,2026-09-10 03:50:18,失敗,HTTPが200ではない
125,晴午後は雷雨,https://www.jma.go.jp/bosai/forecast/img/125.svg,404,NG,2203,2026-09-10 03:50:18,失敗,HTTPが200ではない
126,晴昼頃から雨,https://www.jma.go.jp/bosai/forecast/img/126.svg,404,NG,2203,2026-09-10 03:50:18,失敗,HTTPが200ではない
127,晴夕方から雨,https://www.jma.go.jp/bosai/forecast/img/127.svg,404,NG,2203,2026-09-10 03:50:18,失敗,HTTPが200ではない
128,晴夜は雨,https://www.jma.go.jp/bosai/forecast/img/128.svg,404,NG,2203,2026-09-10 03:50:18,失敗,HTTPが200ではない
130,朝の内霧後晴,https://www.jma.go.jp/bosai/forecast/img/130.svg,404,NG,2203,2026-09-10 03:50:18,失敗,HTTPが200ではない
131,晴明け方霧,https://www.jma.go.jp/bosai/forecast/img/131.svg,404,NG,2203,2026-09-10 03:50:18,失敗,HTTPが200ではない
132,晴朝夕曇,https://www.jma.go.jp/bosai/forecast/img/132.svg,404,NG,2203,2026-09-10 03:50:18,失敗,HTTPが200ではない
140,晴時々雨で雷を伴う,https://www.jma.go.jp/bosai/forecast/img/140.svg,404,NG,2203,2026-09-10 03:50:18,失敗,HTTPが200ではない
160,晴一時雪か雨,https://www.jma.go.jp/bosai/forecast/img/160.svg,404,NG,2203,2026-09-10 03:50:18,失敗,HTTPが200ではない
170,晴時々雪か雨,https://www.jma.go.jp/bosai/forecast/img/170.svg,404,NG,2203,2026-09-10 03:50:18,失敗,HTTPが200ではない
181,晴後雪か雨,https://www.jma.go.jp/bosai/forecast/img/181.svg,404,NG,2203,2026-09-10 03:50:18,失敗,HTTPが200ではない
200,曇,https://www.jma.go.jp/bosai/forecast/img/200.svg,200,OK,1934,2026-09-10 03:50:18,成功,
201,曇時々晴,https://www.jma.go.jp/bosai/forecast/img/201.svg,200,OK,12030,2026-09-10 03:50:18,成功,
202,曇一時雨,https://www.jma.go.jp/bosai/forecast/img/202.svg,200,OK,7627,2026-09-10 03:50:18,成功,
203,曇時々雨,https://www.jma.go.jp/bosai/forecast/img/203.svg,404,NG,2203,2026-09-10 03:50:18,失敗,HTTPが200ではない
204,曇一時雪,https://www.jma.go.jp/bosai/forecast/img/204.svg,200,OK,8551,2026-09-10 03:50:18,成功,
205,曇時々雪,https://www.jma.go.jp/bosai/forecast/img/205.svg,404,NG,2203,2026-09-10 03:50:18,失敗,HTTPが200ではない
206,曇一時雨か雪,https://www.jma.go.jp/bosai/forecast/img/206.svg,404,NG,2203,2026-09-10 03:50:18,失敗,HTTPが200ではない
207,曇時々雨か雪,https://www.jma.go.jp/bosai/forecast/img/207.svg,404,NG,2203,2026-09-10 03:50:18,失敗,HTTPが200ではない
208,曇一時雨か雷雨,https://www.jma.go.jp/bosai/forecast/img/208.svg,404,NG,2203,2026-09-10 03:50:18,失敗,HTTPが200ではない
209,霧,https://www.jma.go.jp/bosai/forecast/img/209.svg,404,NG,2203,2026-09-10 03:50:18,失敗,HTTPが200ではない
210,曇後時々晴,https://www.jma.go.jp/bosai/forecast/img/210.svg,200,OK,12364,2026-09-10 03:50:18,成功,
211,曇後晴,https://www.jma.go.jp/bosai/forecast/img/211.svg,404,NG,2203,2026-09-10 03:50:18,失敗,HTTPが200ではない
212,曇後一時雨,https://www.jma.go.jp/bosai/forecast/img/212.svg,200,OK,8016,2026-09-10 03:50:18,成功,
213,曇後時々雨,https://www.jma.go.jp/bosai/forecast/img/213.svg,404,NG,2203,2026-09-10 03:50:18,失敗,HTTPが200ではない
214,曇後雨,https://www.jma.go.jp/bosai/forecast/img/214.svg,404,NG,2203,2026-09-10 03:50:18,失敗,HTTPが200ではない
215,曇後一時雪,https://www.jma.go.jp/bosai/forecast/img/215.svg,200,OK,6785,2026-09-10 03:50:18,成功,
216,曇後時々雪,https://www.jma.go.jp/bosai/forecast/img/216.svg,404,NG,2203,2026-09-10 03:50:18,失敗,HTTPが200ではない
217,曇後雪,https://www.jma.go.jp/bosai/forecast/img/217.svg,404,NG,2203,2026-09-10 03:50:18,失敗,HTTPが200ではない
218,曇後雨か雪,https://www.jma.go.jp/bosai/forecast/img/218.svg,404,NG,2203,2026-09-10 03:50:18,失敗,HTTPが200ではない
219,曇後雨か雷雨,https://www.jma.go.jp/bosai/forecast/img/219.svg,404,NG,2203,2026-09-10 03:50:18,失敗,HTTPが200ではない
220,曇朝夕一時雨,https://www.jma.go.jp/bosai/forecast/img/220.svg,404,NG,2203,2026-09-10 03:50:18,失敗,HTTPが200ではない
221,曇朝の内一時雨,https://www.jma.go.jp/bosai/forecast/img/221.svg,404,NG,2203,2026-09-10 03:50:18,失敗,HTTPが200ではない
222,曇夕方一時雨,https://www.jma.go.jp/bosai/forecast/img/222.svg,404,NG,2203,2026-09-10 03:50:18,失敗,HTTPが200ではない
223,曇日中時々晴,https://www.jma.go.jp/bosai/forecast/img/223.svg,404,NG,2203,2026-09-10 03:50:18,失敗,HTTPが200ではない
224,曇昼頃から雨,https://www.jma.go.jp/bosai/forecast/img/224.svg,404,NG,2203,2026-09-10 03:50:18,失敗,HTTPが200ではない
225,曇夕方から雨,https://www.jma.go.jp/bosai/forecast/img/225.svg,404,NG,2203,2026-09-10 03:50:18,失敗,HTTPが200ではない
226,曇夜は雨,https://www.jma.go.jp/bosai/forecast/img/226.svg,404,NG,2203,2026-09-10 03:50:18,失敗,HTTPが200ではない
228,曇昼頃から雪,https://www.jma.go.jp/bosai/forecast/img/228.svg,404,NG,2203,2026-09-10 03:50:18,失敗,HTTPが200ではない
229,曇夕方から雪,https://www.jma.go.jp/bosai/forecast/img/229.svg,404,NG,2203,2026-09-10 03:50:18,失敗,HTTPが200ではない
230,曇夜は雪,https://www.jma.go.jp/bosai/forecast/img/230.svg,404,NG,2203,2026-09-10 03:50:18,失敗,HTTPが200ではない
231,曇海上海岸は霧か霧雨,https://www.jma.go.jp/bosai/forecast/img/231.svg,404,NG,2203,2026-09-10 03:50:18,失敗,HTTPが200ではない
240,曇時々雨で雷を伴う,https://www.jma.go.jp/bosai/forecast/img/240.svg,404,NG,2203,2026-09-10 03:50:18,失敗,HTTPが200ではない
250,曇時々雪で雷を伴う,https://www.jma.go.jp/bosai/forecast/img/250.svg,404,NG,2203,2026-09-10 03:50:18,失敗,HTTPが200ではない
260,曇一時雪か雨,https://www.jma.go.jp/bosai/forecast/img/260.svg,404,NG,2203,2026-09-10 03:50:18,失敗,HTTPが200ではない
270,曇時々雪か雨,https://www.jma.go.jp/bosai/forecast/img/270.svg,404,NG,2203,2026-09-10 03:50:18,失敗,HTTPが200ではない
281,曇後雪か雨,https://www.jma.go.jp/bosai/forecast/img/281.svg,404,NG,2203,2026-09-10 03:50:18,失敗,HTTPが200ではない
300,雨,https://www.jma.go.jp/bosai/forecast/img/300.svg,200,OK,5775,2026-09-10 03:50:18,成功,
301,雨時々晴,https://www.jma.go.jp/bosai/forecast/img/301.svg,200,OK,15965,2026-09-10 03:50:18,成功,
302,雨時々止む,https://www.jma.go.jp/bosai/forecast/img/302.svg,200,OK,7635,2026-09-10 03:50:18,成功,
303,雨時々雪,https://www.jma.go.jp/bosai/forecast/img/303.svg,200,OK,12489,2026-09-10 03:50:18,成功,
304,雨か雪,https://www.jma.go.jp/bosai/forecast/img/304.svg,404,NG,2203,2026-09-10 03:50:18,失敗,HTTPが200ではない
306,大雨,https://www.jma.go.jp/bosai/forecast/img/306.svg,404,NG,2203,2026-09-10 03:50:18,失敗,HTTPが200ではない
308,雨で暴風を伴う,https://www.jma.go.jp/bosai/forecast/img/308.svg,200,OK,7981,2026-09-10 03:50:18,成功,
309,雨一時雪,https://www.jma.go.jp/bosai/forecast/img/309.svg,404,NG,2203,2026-09-10 03:50:18,失敗,HTTPが200ではない
311,雨後晴,https://www.jma.go.jp/bosai/forecast/img/311.svg,200,OK,16302,2026-09-10 03:50:18,成功,
313,雨後曇,https://www.jma.go.jp/bosai/forecast/img/313.svg,200,OK,8016,2026-09-10 03:50:18,成功,
314,雨後時々雪,https://www.jma.go.jp/bosai/forecast/img/314.svg,200,OK,11042,2026-09-10 03:50:18,成功,
315,雨後雪,https://www.jma.go.jp/bosai/forecast/img/315.svg,404,NG,2203,2026-09-10 03:50:18,失敗,HTTPが200ではない
316,雨か雪後晴,https://www.jma.go.jp/bosai/forecast/img/316.svg,404,NG,2203,2026-09-10 03:50:18,失敗,HTTPが200ではない
317,雨か雪後曇,https://www.jma.go.jp/bosai/forecast/img/317.svg,404,NG,2203,2026-09-10 03:50:18,失敗,HTTPが200ではない
320,朝の内雨後晴,https://www.jma.go.jp/bosai/forecast/img/320.svg,404,NG,2203,2026-09-10 03:50:18,失敗,HTTPが200ではない
321,朝の内雨後曇,https://www.jma.go.jp/bosai/forecast/img/321.svg,404,NG,2203,2026-09-10 03:50:18,失敗,HTTPが200ではない
322,雨朝晩一時雪,https://www.jma.go.jp/bosai/forecast/img/322.svg,404,NG,2203,2026-09-10 03:50:18,失敗,HTTPが200ではない
323,雨昼頃から晴,https://www.jma.go.jp/bosai/forecast/img/323.svg,404,NG,2203,2026-09-10 03:50:18,失敗,HTTPが200ではない
324,雨夕方から晴,https://www.jma.go.jp/bosai/forecast/img/324.svg,404,NG,2203,2026-09-10 03:50:18,失敗,HTTPが200ではない
325,雨夜は晴,https://www.jma.go.jp/bosai/forecast/img/325.svg,404,NG,2203,2026-09-10 03:50:18,失敗,HTTPが200ではない
326,雨夕方から雪,https://www.jma.go.jp/bosai/forecast/img/326.svg,404,NG,2203,2026-09-10 03:50:18,失敗,HTTPが200ではない
327,雨夜は雪,https://www.jma.go.jp/bosai/forecast/img/327.svg,404,NG,2203,2026-09-10 03:50:18,失敗,HTTPが200ではない
328,雨一時強く降る,https://www.jma.go.jp/bosai/forecast/img/328.svg,404,NG,2203,2026-09-10 03:50:18,失敗,HTTPが200ではない
329,雨一時みぞれ,https://www.jma.go.jp/bosai/forecast/img/329.svg,404,NG,2203,2026-09-10 03:50:18,失敗,HTTPが200ではない
340,雪か雨,https://www.jma.go.jp/bosai/forecast/img/340.svg,404,NG,2203,2026-09-10 03:50:18,失敗,HTTPが200ではない
350,雨で雷を伴う,https://www.jma.go.jp/bosai/forecast/img/350.svg,404,NG,2203,2026-09-10 03:50:18,失敗,HTTPが200ではない
361,雪か雨後晴,https://www.jma.go.jp/bosai/forecast/img/361.svg,404,NG,2203,2026-09-10 03:50:18,失敗,HTTPが200ではない
371,雪か雨後曇,https://www.jma.go.jp/bosai/forecast/img/371.svg,404,NG,2203,2026-09-10 03:50:18,失敗,HTTPが200ではない
400,雪,https://www.jma.go.jp/bosai/forecast/img/400.svg,200,OK,4648,2026-09-10 03:50:18,成功,
401,雪時々晴,https://www.jma.go.jp/bosai/forecast/img/401.svg,200,OK,14775,2026-09-10 03:50:18,成功,
402,雪時々止む,https://www.jma.go.jp/bosai/forecast/img/402.svg,200,OK,6444,2026-09-10 03:50:18,成功,
403,雪時々雨,https://www.jma.go.jp/bosai/forecast/img/403.svg,200,OK,10370,2026-09-10 03:50:18,成功,
405,大雪,https://www.jma.go.jp/bosai/forecast/img/405.svg,404,NG,2203,2026-09-10 03:50:18,失敗,HTTPが200ではない
406,風雪強い,https://www.jma.go.jp/bosai/forecast/img/406.svg,200,OK,40049,2026-09-10 03:50:18,成功,
407,暴風雪,https://www.jma.go.jp/bosai/forecast/img/407.svg,404,NG,2203,2026-09-10 03:50:18,失敗,HTTPが200ではない
409,雪一時雨,https://www.jma.go.jp/bosai/forecast/img/409.svg,404,NG,2203,2026-09-10 03:50:18,失敗,HTTPが200ではない
411,雪後晴,https://www.jma.go.jp/bosai/forecast/img/411.svg,200,OK,15067,2026-09-10 03:50:18,成功,
413,雪後曇,https://www.jma.go.jp/bosai/forecast/img/413.svg,200,OK,6773,2026-09-10 03:50:18,成功,
414,雪後雨,https://www.jma.go.jp/bosai/forecast/img/414.svg,200,OK,11039,2026-09-10 03:50:18,成功,
420,朝の内雪後晴,https://www.jma.go.jp/bosai/forecast/img/420.svg,404,NG,2203,2026-09-10 03:50:18,失敗,HTTPが200ではない
421,朝の内雪後曇,https://www.jma.go.jp/bosai/forecast/img/421.svg,404,NG,2203,2026-09-10 03:50:18,失敗,HTTPが200ではない
422,雪昼頃から雨,https://www.jma.go.jp/bosai/forecast/img/422.svg,404,NG,2203,2026-09-10 03:50:18,失敗,HTTPが200ではない
423,雪夕方から雨,https://www.jma.go.jp/bosai/forecast/img/423.svg,404,NG,2203,2026-09-10 03:50:18,失敗,HTTPが200ではない
425,雪一時強く降る,https://www.jma.go.jp/bosai/forecast/img/425.svg,404,NG,2203,2026-09-10 03:50:18,失敗,HTTPが200ではない
426,雪後みぞれ,https://www.jma.go.jp/bosai/forecast/img/426.svg,404,NG,2203,2026-09-10 03:50:18,失敗,HTTPが200ではない
427,雪一時みぞれ,https://www.jma.go.jp/bosai/forecast/img/427.svg,404,NG,2203,2026-09-10 03:50:18,失敗,HTTPが200ではない
450,雪で雷を伴う,https://www.jma.go.jp/bosai/forecast/img/450.svg,404,NG,2203,2026-09-10 03:50:18,失敗,HTTPが200ではない
